title,price,size,url,description
Vintage 80s Akira Tee Shirt,$700.00,Measurements: Pit to pit: 21.5 Length 28,https://www.dwcuratedvintage.com/shop/p/akira-1988-vintage-single-stitch-tee,"Authentic late-80s AKIRA tee featuring Kaneda’s iconic red bike. True vintage construction with single-stitch hems, water-based soft print, and original 1988 licensing. Soft, perfectly worn-in cotton with natural fade. Rare front + back graphic.
Measurements:
Pit to pit: 21.5
Length 28
If you have any inquiries or want to send an offer please email: concierge@dwcuratedvintage.com"
Vintage 50s/60s Lombard Baseball Jersey,$150.00,Measurements: Pit to pit: 23 inches Length: 27 inches,https://www.dwcuratedvintage.com/shop/p/7xlwn6fxm8c0tz1oxsu3d94z5y1cad,"Vintage 50s/60s Lombard Baseball Jersey In great condition. In medium weight wool material.
Measurements:
Pit to pit: 23 inches
Length: 27 inches"
Late 90s Boston College Champion Reverse Weave,$45.00,Measurements: Pit to pit: 21.5 Length: 28,https://www.dwcuratedvintage.com/shop/p/z55eoghox4aqb1tf6v4vo4v78dx6he,"Late 90s/Y2K Boston College Champion Reverse Weave. Tagged extra large.
Measurements:
Pit to pit: 21.5
Length: 28"
Vintage 50s/60s 2 Tone Blank Penney’s Sweatshirt,$165.00,Measurements: Pit to pit: 24 inches Length: 24 inches,https://www.dwcuratedvintage.com/shop/p/ya67nra8vreo00enpj31mvvyfbc8au,"Vintage 50s/60s 2 Tone Blank Penney’s Sweatshirt. In overall great condition. Has original repairs and some distressing on the sleeves. In a big size, very rare for time.
Measurements:
Pit to pit: 24 inches
Length: 24 inches"
50s US Army Tee Fort McClellan Alabama,$240.00,Pit to Pit: 20 inches Length 29 inches,https://www.dwcuratedvintage.com/shop/p/djrfl3owrak6fv312zqmye91fxes3v,"50s US Army Tee Fort McClellan Alabama. Has some holes in the shoulder from age and wear.
Pit to Pit: 20 inches
Length 29 inches"
Vintage 50s ‘Shortridge’ Sweatshirt,$200.00,Measurements: Pit to pit: 19.5 inches Length: 22 inches,https://www.dwcuratedvintage.com/shop/p/42nd3wldsdtxxy8qnl4c4sxj5mjp0k,"Vintage 50s ‘Shortridge’ sweatshirt in great condition. Very minimum wear but has some fading from age.
Measurements:
Pit to pit: 19.5 inches
Length: 22 inches"
Vintage 60s Levi’s Type III ‘Big E’,$400.00,Measurements: Pit to pit: 21.5 inches Length: 23,https://www.dwcuratedvintage.com/shop/p/c55gichbtabi1tugn8y1th499mpkrr,"Vintage 60s Levi’s Type III ‘Big E’. Has incredible fades and wear in sleeves and hole in blanket lining. Nice medium to dark wash.
Measurements:
Pit to pit: 21.5 inches
Length: 23"
Vintage Early 90s Billabong Long Sleeve Tee,$100.00,Pit to Pit: 24 Inches Length: 29.5 Inches,https://www.dwcuratedvintage.com/shop/p/vintage-early-90s-billabong-long-sleeve-tee,"Vintage Early 90s Billabong Long Sleeve Tee perfectly faded and single stitched bottom hem. Has a couple holes but goes with the well-loved aesthetic.
Pit to Pit: 24 Inches
Length: 29.5 Inches"
Vintage 80s Misfits Tee,$600.00,Pit to Pit: 20 inches Length: 25 inches,https://www.dwcuratedvintage.com/shop/p/vintage-80s-misfits-tee,"Vintage 80s Misfits T shirt. Super thin and features the iconic Crimson Ghost.
Pit to Pit: 20 inches
Length: 25 inches"
Vintage 70s Redline Selvedge Levi's 501,$220.00,Measurements: Waist: 36 inches Length 29 inches,https://www.dwcuratedvintage.com/shop/p/vintage-70s-redline-selvedge-levis-501,"Truly well loved Levi’s redlines with original repairs and some repairs done in house. Has a nice medium wash.
Measurements:
Waist: 36 inches
Length 29 inches"
Vintage Desert Storm T-Shirt,$70.00,,https://www.dwcuratedvintage.com/shop/p/yglhv7o7a8dnqkd2x936yglabpkchl,Vintage 90s Desert Storm T Shirt in great condition. Size Large
Vintage 50s/60s United Steelworkers Raglan T-Shirt,$100.00,Pit to Pit: 17 inches Length: 24 inches,https://www.dwcuratedvintage.com/shop/p/vintage-50s60s-united-steelworkers-raglan-t-shirt,"Vintage 50s/60s United Steelworkers Raglan T-Shirt in a stunning two tone color. In a medium weight cotton.
Pit to Pit: 17 inches
Length: 24 inches"
Vintage 80s/90s Vans Shoes,$175.00,,https://www.dwcuratedvintage.com/shop/p/fg8w4foom2g00j5twuy2k61okvsq66,Vintage 80s Vans Shoes in wearable condition. Appears to be a size 9US
Vintage 70s US Naval Academy Sweatshirt,$50.00,Measurements Pit to pit: 21.25 inches Length: 22 inches,https://www.dwcuratedvintage.com/shop/p/vintage-70s-us-naval-academy-sweatshirt,"Vintage 70s US Naval Academy Sweatshirt in great condition.
Measurements
Pit to pit: 21.25 inches
Length: 22 inches"
Korean War Era HBT Military Trousers,$140.00,Measurements: Waist: 16 inches across (32 inch waist) Length: 28.5 inches,https://www.dwcuratedvintage.com/shop/p/korean-war-era-hbt-military-trousers,"Korean War Era HBT Military Trousers in well-loved but great condition. Has a missing pocket and some paint spots.
Measurements:
Waist: 16 inches across (32 inch waist)
Length: 28.5 inches"
80s Champion Reverse Weave Hoodie,$190.00,Pit to Pit: 23.5 inches Length: 23 inches,https://www.dwcuratedvintage.com/shop/p/06mn5lrxb7ks5hba6rhw60vutn45uk,"Thrashed and well-loved 80sChampion Reverse Weave Hoodie. Looks to have had a graphic on the chest but has been worn away. Very light weight due to wear.
Meausurements:
Pit to Pit: 23.5 inches
Length: 23 inches"
Vintage 60s USC Two Tone Raglan Tee Shirt,$85.00,Measurements Pit to Pit: 18 inches Length: 28.5 inches,https://www.dwcuratedvintage.com/shop/p/vintage-60s-usc-two-tone-raglan-tee-shirt,"Vintage 60s USC Two Tone Raglan Tee Shirt with minimum fading and wear.
Measurements
Pit to Pit: 18 inches
Length: 28.5 inches"
Vintage Early 50s Wilson Jersey,$150.00,Measurements: Pit to Pit: 22 inches Length: 29 inches,https://www.dwcuratedvintage.com/shop/p/vintage-early-50s-wilson-jersey,"Vintage Early 50s Wilson Jersey in super thrashed and well loved condition.
Measurements:
Pit to Pit: 22 inches
Length: 29 inches"
Vintage 60s/70s H Bar C Western Shirt,$110.00,Measurements: Pit to Pit: 23.5 inches Length: 31 inches,https://www.dwcuratedvintage.com/shop/p/vintage-60s70s-h-bar-c-western-shirt,"Vintage 60s/70s H Bar C Western Shirt in great condition with minimum signs of wear.
Measurements:
Pit to Pit: 23.5 inches
Length: 31 inches"
Vintage 1956 Brushstroke Belgian Camo Pants,$300.00,Measurements: Waist: 39 inches Inseam: 31 inches,https://www.dwcuratedvintage.com/shop/p/vintage-1956-brushstroke-belgian-camo-pants,"Vintage 1956 Brushstroke Belgian Camo Pants in a large size. Has nice repairs and in overall great condition.
Measurements:
Waist: 39 inches
Inseam: 31 inches"
Vintages 70s/Early 80s Patched Levi’s Redlines,$300.00,Measurements: Waist: 34 Inches Length: 27 Inches,https://www.dwcuratedvintage.com/shop/p/jdbd7ypv2b5shaa6nux0ixxzan1rg5,"Vintages 70s/Early 80s Patched Levi’s Redlines. Well worn, selvedge denim, and has cut hem. Light wash.
Measurements:
Waist: 34 Inches
Length: 27 Inches"
Vintage 1980s Pac-Man Thrashed T- Shirt,$44.00,Measurements: Pit to Pit: 18.25 inches Length:  26 inches,https://www.dwcuratedvintage.com/shop/p/vintage-1980s-pac-man-thrashed-t-shirt,"Vintage 1980s Pac-Man Thrashed t-shirt. Super soft, thin, and well-loved.
Measurements:
Pit to Pit: 18.25 inches
Length:  26 inches"
Vintage 60s/Early 70s Levi's Blanket Lined Type 3 'Big E',$400.00,Measurements Pit to Pit: 19.5 Inches Length:  23 Inches,https://www.dwcuratedvintage.com/shop/p/vintage-60searly-70s-levis-blanket-lined-type-3-big-e,"Vintage 60s/Early 70s Levi's Blanket Lined Type 3 'Big E' in great condition. Blanket lining still in great condition but size tag ripped off. Looks like its from the 60s. It is well loved and has a nice fade to it.
Measurements
Pit to Pit: 19.5 Inches
Length:  23 Inches"
Vintage 1961 European Military Jacket,$85.00,Measurements: Pit to Pit: 19.5 Inches Length 20 Inches,https://www.dwcuratedvintage.com/shop/p/vintage-1961-european-military-jacket,"Vintage 1961 European Military Jacket with very minimum signs of wear.
Measurements:
Pit to Pit: 19.5 Inches
Length 20 Inches"
Vintage 60s/70s Spruce Short Sleeve Sweatshirt,$75.00,Measurements: Pit to pit: 22 inches Length: 23 inches,https://www.dwcuratedvintage.com/shop/p/hwcpus2wksmoj17omr7upfp7oy706x,"Vintage Spruce Short Sleeve sweatshirt from the 60s/70s. Still has tag on but it still well loved and has paint splatter.
Measurements:
Pit to pit: 22 inches
Length: 23 inches"
Black Sabbath Tour T-Shirt,$250.00,Measurements: Pit to Pit:  20 inches Length: 26.5 inches,https://www.dwcuratedvintage.com/shop/p/vzfoyolye4pww0oj80wff5cwaizcix,"Vintage Black Sabbath Tour T-Shirt well loved and has a great fade
Measurements:
Pit to Pit:  20 inches
Length: 26.5 inches"
Vintage 60s Hanes Raglan Sweatshirt,$140.00,60s Hanes Sweatshirt in well loved condition. Has some holes and slight shrinkage in sleeve length. Measurements: Pit to pit: 23.25 inches Length: 22 inches,https://www.dwcuratedvintage.com/shop/p/vintage-60s-hanes-raglan-sweatshirt,"60s Hanes Sweatshirt in well loved condition. Has some holes and slight shrinkage in sleeve length.
Measurements:
Pit to pit: 23.25 inches
Length: 22 inches"
Vintage 50s Military B-9 Fur Lined Parka,$100.00,Measurements: Pit to pit: Length: 36 inches,https://www.dwcuratedvintage.com/shop/p/vintage-50s-military-b-9-fur-lined-parka,"Vintage 50s Military B-9 Fur Lined Parka. Has minimum wear and has a lot of life left in it.
Measurements:
Pit to pit:
25 inches
Length: 36 inches"
Vintage 40s/50s US Navy Woolen Sweater,$80.00,Measurements: Pit to pit: Length: 23.5 inches,https://www.dwcuratedvintage.com/shop/p/vintage-40s50s-us-navy-woolen-sweater,"Vintage 40s/50s US Navy Woolen Sweater In overall great condition. Has some holes but is virtually unworn.
Measurements:
Pit to pit:
16 inches
Length: 23.5 inches"
70s/80s Military Liner Jacket,$50.00,Measurements: Pit to Pit: Length: 25.5 inches,https://www.dwcuratedvintage.com/shop/p/70s80s-military-liner-jacket,"70s/80s Military Liner Jacket overall great condition. Tag is faded so cannot see the exact issue date but looks to be from 70s.
Measurements:
Pit to Pit:
24 inches
Length: 25.5 inches"
"Vintage 90s Desert Storm T-Shirt Taif, Saudi Arabia",$65.00,Measurements: Pit to pit: 20 inches Length: 25 inches,https://www.dwcuratedvintage.com/shop/p/vintage-90s-desert-storm-t-shirt-taif-saudi-arabia,"Vintage 90s Desert Storm T-Shirt Taif, Saudi Arabia. In great condition and printed on a Fruit of the Loom blank.
Measurements:
Pit to pit: 20 inches
Length: 25 inches"
Vintage Desert Storm ‘Fear the Night’ Tee,$65.00,Measurements: Pit to pit: Length: 26 inches,https://www.dwcuratedvintage.com/shop/p/vintage-desert-storm-fear-the-night-tee,"Vintage Desert Storm ‘Fear the Night’ Tee. In great condition with very little wear.
Measurements:
Pit to pit:
17.5 inches
Length: 26 inches"
Vietnam Era ‘Hell on Wheels’ Shirt,$45.00,Measurements: Pit to Pit: Length:   28.75 inches,https://www.dwcuratedvintage.com/shop/p/vietnam-era-hell-on-wheels-shirt,"Vietnam Era ‘Hell on Wheels’ Shirt In great condition.
Measurements:
Pit to Pit:
20 inches
Length:   28.75 inches"
Vintage 50s/60s European Military Pants,$65.00,Measurements: Waist: 32 inches Length: 28inches,https://www.dwcuratedvintage.com/shop/p/vintage-50s60s-european-military-pants,"Vintage 50s/60s military pants. Have button fly and quilted lining.
Measurements:
Waist: 32 inches
Length: 28inches"
Vintage 1989 Raiders Tee,$50.00,Measurements: Pit to pit: 20 inches Length: 26 inches,https://www.dwcuratedvintage.com/shop/p/vintage-1989-raiders-tee,"Vintage 1989 Raiders Tee. Has a great fade and in great condition.
Measurements:
Pit to pit: 20 inches
Length: 26 inches"
Vintage 70s/80s Hanes Thermal,$60.00,Measurements: Pit to pit: 18.5 inches Length: 28.5 inches,https://www.dwcuratedvintage.com/shop/p/vintage-70s80s-hanes-thermal,"Vintage 70s/80s Hanes Thermal in great condition with minimum wear. Slight yellowing from age. Close fitting but has a lot a of stretch
Measurements:
Pit to pit: 18.5 inches
Length: 28.5 inches"
Vintage UCLA sweatshirt,$65.00,Measurements: Pit to pit: 23 inches Length: 24 inches,https://www.dwcuratedvintage.com/shop/p/vintage-ucla-sweatshirt,"Vintage UCLA Sweatshirt. Has a little wear and holes in the fabric but in great well loved condition.
Measurements:
Pit to pit: 23 inches
Length: 24 inches"
Vintage 80s Syracuse Basketball Jersey,$60.00,Measurements: Pit to pit: 22 inches Length: 24 inches,https://www.dwcuratedvintage.com/shop/p/vintage-80s-syracuse-basketball-jersey,"Vintage 80s Syracuse Basketball Jersey. In great overall condition with very minimum wear. Has a boxy cropped fit.
Measurements:
Pit to pit: 22 inches
Length: 24 inches"
Vintage 50s/60s Sweatshirt,$120.00,Measurements: Pit to pit: 17 inches Length: 19.5 inches,https://www.dwcuratedvintage.com/shop/p/vintage-50s60s-sweatshirt,"Vintage 50s/60s Sweatshirt in great condition with minimum wear.
Measurements:
Pit to pit: 17 inches
Length: 19.5 inches"
Vintage Reed Sportswear Leather Motorcycle Vest,$60.00,Measurements: Pit to pit: 24 inches Length: 26 inches,https://www.dwcuratedvintage.com/shop/p/vintage-reed-sportswear-leather-motorcycle-vest,"Vintage Reed Sportswear Leather Motorcycle Vest. Appears to be from the 70s/80s. Some marks on the leather but in overall great condition.
Measurements:
Pit to pit: 24 inches
Length: 26 inches"
Vintage 1989 Storm Front Tour Billy Joel T Shirt,$90.00,Measurements: Pit to pit: 22 inches Length: 30 inches,https://www.dwcuratedvintage.com/shop/p/vintage-1989-storm-front-tour-billy-joel-t-shirt,"Vintage 1989 Storm Front Tour Billy Joel T Shirt. Size XL and made in USA
Measurements:
Pit to pit: 22 inches
Length: 30 inches"
60s Sears Roebucks Quilted Jacket,$80.00,Measurements: Pit to pit: 23 inches Length: 25 inches,https://www.dwcuratedvintage.com/shop/p/60s-sears-roebucks-quilted-jacket,"60s Sears Roebucks Quilted Jacket in great condition. Has no noticeable stains but a small tear near the armhole.
Measurements:
Pit to pit: 23 inches
Length: 25 inches"
‘D&W Curated Vintage’ Logo Cap,$40.00,,https://www.dwcuratedvintage.com/shop/p/dw-curated-vintage-logo-cap,‘D&W Curated Vintage’ Logo Cap Printed on an 80s gold leaf blank. One size fits most.
‘D&W Curated Vintage’ Logo Trucker,$35.00,,https://www.dwcuratedvintage.com/shop/p/dw-curated-vintage-logo-trucker,D&W Curated Vintage Trucker hat printed on an 80s vintage trucker. One size fits most.
70s Big Mac Work Jacket,$80.00,Measurements Pit to pit: 24 inches Length: 23 inches,https://www.dwcuratedvintage.com/shop/p/70s-big-mac-work-jacket,"70s Big Mac work jacket with quilted red lining. In great condition and has little to no wear.
Measurements
Pit to pit: 24 inches
Length: 23 inches"
Vintage Transylvania University Basketball Sweatshirt,$40.00,,https://www.dwcuratedvintage.com/shop/p/vintage-transylvania-university-basketball-sweatshirt,Vintage Transylvania University sweatshirt in great condition. From the tag it appears to be from the 70s. Size extra large and made in USA
Late 80s Early 90s Adidas Long Sleeve Tee,$50.00,Measurements: Pit to pit: 20.5 inches Length: 24 inches,https://www.dwcuratedvintage.com/shop/p/late-80s-early-90s-adidas-long-sleeve-tee,"Late 80s Early 90s Adidas Long Sleeve Tee with very minimum wear. Has fading on iconic Adidas logo due to age.
Measurements:
Pit to pit: 20.5 inches
Length: 24 inches"
Vintage 50s V-Stitch Sweatshirt,$200.00,Measurements: Pit to pit: 17 Inches length: 22 inches,https://www.dwcuratedvintage.com/shop/p/vintage-50s-v-stitch-sweatshirt,"Classic 50s V-Stitch sweatshirt in amazing well loved condition. Has signs of minimum wear and age.
Measurements:
Pit to pit: 17 Inches
length: 22 inches"
60s Peace Sign Over Shirt,$80.00,Measurements: Pit to Pit: 20 inches Length: 23 inches,https://www.dwcuratedvintage.com/shop/p/60s-peace-sign-over-shirt,"Vintage 60s Peace Sign over shirt. In a heavy wool with shearling lining. In great condition with minimum wear.
Measurements:
Pit to Pit: 20 inches
Length: 23 inches"
70s/80s Hanes Thermal,$65.00,Pit to pit: 18.5 inches Length: 28.5,https://www.dwcuratedvintage.com/shop/p/70s80s-hanes-thermal,"70s/80s Hanes Thermal with very light wear.
Pit to pit: 18.5 inches
Length: 28.5"
‘D&W Curated Vintage’ Logo Pocket Tee,$60.00,Measurements: Length: 26 inches,https://www.dwcuratedvintage.com/shop/p/dw-curated-vintage-logo-pocket-tee,"‘D&W Curated Vintage’ Logo Tee  printed on a 60s blank pocket tee
Measurements:
Pit of pit: 19 inches
Length: 26 inches"
‘D&W Curated Vintage’ Logo Short Sleeve Sweatshirt,$80.00,Measurements: Pit to pit: 22.5 inches Length: 25.5 inches,https://www.dwcuratedvintage.com/shop/p/dw-curated-vintage-logo-short-sleeve-sweatshirt,"‘D&W Curated Vintage’ Short Sleeve Sweatshirt printed on 60s/70s short sleeve sweatshirt.
Measurements:
Pit to pit: 22.5 inches
Length: 25.5 inches"
70s ‘Save Edmonds High’ T-Shirt,$50.00,Measurements: Pit to pit: 17.5 inches Length: 24.5 inches,https://www.dwcuratedvintage.com/shop/p/70s-save-edmonds-high-t-shirt,"70s ‘Save Edmonds High’ T-Shirt With a great fade and well loved.
Measurements:
Pit to pit: 17.5 inches
Length: 24.5 inches"
Vintage 70s/80s Cornell University,$80.00,Measurements: Pit to pit: 23 inches Length: 24 inches,https://www.dwcuratedvintage.com/shop/p/vintage-70s80s-cornell-university,"Vintage 70s/80s Cornell University with very minimum wear and fading.
Measurements:
Pit to pit: 23 inches
Length: 24 inches"
Vintage 80s/90s Military Tee,$85.00,Measurements: Pit to Pit:  16.75 inches Length: 24 inches,https://www.dwcuratedvintage.com/shop/p/p0ko9jfy2b6fqjoija5jiwocntxvep,"Vintage 80s/90s Military Tee in a light blue with slight fading and discoloration from aging.
Measurements:
Pit to Pit:  16.75 inches
Length: 24 inches"
Vintage Ontario Knife Company Tee,$0.00,,https://www.dwcuratedvintage.com/shop/p/vintage-ontario-knife-company-tee,Vintage Ontario Knife Company Tee from late 50s/ early 60s. Great well loved condition.
Vintage Y2K Hoobastank T Shirt,$70.00,Measurements: Pit to pit: 24 inches Length: 29 inches,https://www.dwcuratedvintage.com/shop/p/vintage-y2k-hoobastank-t-shirt,"Vintage Y2K Hoobastank T shirt in great condition with a couple bleach stains as pictured.
Measurements:
Pit to pit: 24 inches
Length: 29 inches"
Vintage 80s John Lee Hooker Tee,$120.00,Measurements: Pit to Pit: 21 inches Length: 27.5,https://www.dwcuratedvintage.com/shop/p/vintage-80s-john-lee-hooker-tee,"Vintage 80s John Lee Hooker tee with some wear and tear. Has a couple holes as pictured and light cracking on graphic from age.
Measurements:
Pit to Pit: 21 inches
Length: 27.5"
Vintage 50s Chopped Hoodie,$110.00,Measurements: Pit to pit: 20.5 Length: 21.5,https://www.dwcuratedvintage.com/shop/p/vintage-50s-chopped-hoodie,"Vintage 50s chopped hoodie in great condition. Red had faded to a almost salmon color.
Measurements:
Pit to pit: 20.5
Length: 21.5"
Vintage 50s Key Imperial Work Shirt,$80.00,Measurements: Pit to pit: Length: 29 inches,https://www.dwcuratedvintage.com/shop/p/vintage-50s-key-imperial-work-shirt,"A vintage essential, a 50s work shirt from Key Imperial. Has some wear and tear but in overall in great condition.
Measurements:
Pit to pit:
26 inches
Length: 29 inches"
Vintage 70s Eastern Montana College Ringer Tee,$55.00,Measurements: Pit to pit: Length 26.5 inches,https://www.dwcuratedvintage.com/shop/p/vintage-70s-eastern-montana-college-ringer-tee,"Simple and well loved 70s Eastern Montana College Ringer Tee with some marks from age and wear.
Measurements:
Pit to pit:
19 inches
Length 26.5 inches"
Vintage 40/50s Sears Roebucks Gabardine Jacket,$90.00,"Vintage 40/50s Sears Roebucks gabardine jacket in well loved condition. Has holes and wear in the bottom part of the lining which is normal to jackets of this age. Features side waist adjusters and faded medium weight gabardine with love marks through out. Had buttons, but they all crumbled when jacket was being washed. Measurements: Pit to pit: 20 Length: 25.5",https://www.dwcuratedvintage.com/shop/p/vintage-4050s-sears-roebucks-gabardine-jacket,"Vintage 40/50s Sears Roebucks gabardine jacket in well loved condition. Has holes and wear in the bottom part of the lining which is normal to jackets of this age. Features side waist adjusters and faded medium weight gabardine with love marks through out. Had buttons, but they all crumbled when jacket was being washed.
Measurements:
Pit to pit: 20
Length: 25.5"
Vintage 70s Sears Roebucks Bootcut Jeans,$75.00,,https://www.dwcuratedvintage.com/shop/p/vintage-70s-sears-roebucks-bootcut-jeans,Vintage 70s Sears Roebucks Bootcut Jeans in impeccable condition. Have dark wash and has little to no wear. Tag reads 38x29 and made in USA.
Vintage 60s Raglan Hoodie,$120.00,Measurements: Pit to pit 23 inches,https://www.dwcuratedvintage.com/shop/p/vintage-60s-raglan-hoodie,"Vintage late  60s to early 70s hoodie with minor wear. Has small mark and pinhole on front. Has an underarm gusset.
Measurements:
Pit to pit 23 inches"
Vintage 70s Doobie Brothers Baseball Tee,$60.00,Measurements: Pit to pit: 18.5 inches Length: 25 inches,https://www.dwcuratedvintage.com/shop/p/vintage-70s-doobie-brothers-baseball-tee,"Vintage 70s Doobie Brothers baseball tee. Very minimal wear.
Measurements:
Pit to pit: 18.5 inches
Length: 25 inches"
Thrashed Vintage 80s Carhartt Chore Jacket,$200.00,,https://www.dwcuratedvintage.com/shop/p/thrashed-vintage-80s-carhartt-chore-jacket,Thrashed 80s Carhartt chore jacket that is well loved and well worn. Features a nice heavy blanket lining and corduroy collar. Fits an extra large.
Vintage 50s Lanier Flannel Shirt,$70.00,Measurements: Pit to pit: Length: 26.5 inches,https://www.dwcuratedvintage.com/shop/p/vintage-50s-lanier-flannel-shirt,"Vintage 50s Lanier Flannel Shirt in pristine condition. Has very little to no wear and no fading. Is tagged as a medium.
Measurements:
Pit to pit:
21 inches
Length: 26.5 inches"
Vintage 50s Hanes Windshield Quarter Zip Sweatshirt,$220.00,Measurements: Across chest (Pit to Pit): 19.75 Inches Length: 28 Inches,https://www.dwcuratedvintage.com/shop/p/vintage-50s-hanes-windshield-quarter-zip-sweatshirt,"Stunning Hanes 50s Wind Shield quarter zip short sleeve sweatshirt. Has very minimum wear, and still has it's vibrant color. Only flaw is a small mark on the back, but overall in impeccable condition.
Measurements:
Across chest (Pit to Pit): 19.75 Inches
Length: 28 Inches"
Late 60s/70s Thermal Shirt,$55.00,Measurements: Pit to Pit Across Chest: 16.5 inches Length: 27.5 inches,https://www.dwcuratedvintage.com/shop/p/late-60s70s-thermal-shirt,"Late 60s/70s Henley Shirt, in great condition with very little wear. Tag has been removed, but from looks to be from 60s or 70s.
Measurements:
Pit to Pit Across Chest: 16.5 inches
Length: 27.5 inches"
70s Cambridge University Sweatshirt,$150.00,Measurements: Pit to Pit: 21.75 inches Length: 23 inches,https://www.dwcuratedvintage.com/shop/p/70s-cambridge-university-sweatshirt,"70s Cambridge University Sweatshirt in amazing condition. Has slight fading but minimum wear. The fabric is a polyester and cotton blend, Made in England
Measurements:
Pit to Pit: 21.75 inches
Length: 23 inches"
Vintage 90s Clemson University Sweatshirt,$35.00,Measurements: 20.5 inches across chest (pit to pit),https://www.dwcuratedvintage.com/shop/p/vintage-90s-clemson-university-sweatshirt,"Vintage 90s Clemson University sweatshirt in the classic orange and white. Very minimum wear with some piling on the sleeve. Tag size is medium and made in USA.
Measurements:
20.5 inches across chest (pit to pit)
24.5 inches top of collar to bottom"
Vintage Vietnam War Military Shirt OG-107,$50.00,Measurements: Pit to pit 20 inches,https://www.dwcuratedvintage.com/shop/p/vintage-vietnam-war-military-shirt-og-107,"Vintage Vietnam War OG-107 fatigue shirt in immaculate condition. Features patches and name patch.
Measurements:
Pit to pit 20 inches
Top of shoulder to bottom 27.5 inches"
Vintage Late 70s Early 80s Guayabera Shirt,$40.00,Stunning early 80s guayabera shirt in a pale yellow. In great condition with minimal signs of wear. It is a cotton polyester blend and measurements are: Pit to pit 20.5 inches,https://www.dwcuratedvintage.com/shop/p/vintage-late-70s-early-80s-guayabera-shirt,"Stunning early 80s guayabera shirt in a pale yellow. In great condition with minimal signs of wear. It is a cotton polyester blend and measurements are:
Pit to pit 20.5 inches
From top of collar to bottom 28 inches"
Vintage 50s Baseball jersey,$200.00,,https://www.dwcuratedvintage.com/shop/p/vintage-50s-baseball-jersey-1,Vintage 50s baseball jersey that has some wear  and holes. In a nice medium weight flannel that is perfect for going into fall and winter.
Vintage 50s Hanes Blank Tee,$90.00,Measurements: Pit to pit is 19 inches Length is 22 inches,https://www.dwcuratedvintage.com/shop/p/vintage-50s-hanes-blank-tee,"Vintage 50s Hanes Blank Tee in overall great condition. Has a couple holes around the collar. Features single stitch sleeves and a reinforced collar
Measurements:
Pit to pit is 19 inches
Length is 22 inches"
50s Japanese Hanten Jacket,$200.00,Measurements: 24.5 inches across chest (pit to pit) 30 inches in length,https://www.dwcuratedvintage.com/shop/p/50s-japanese-hanten-jacket,"Stunning and subtle Japanese Hanten from the 50s in a medium to heavy weight cotton. Has a more rough and porous fabric which keeps structure but is very breathable.
Measurements:
24.5 inches across chest (pit to pit)
30 inches in length"
Vintage 40s/50s Japanese Fireman Jacket,$150.00,Measurements:,https://www.dwcuratedvintage.com/shop/p/vintage-40s50s-japanese-fireman-jacket,"Vintage Japanese Fireman Jacket which looks like it is from the 40s or 50s. In a medium weight indigo dyed cotton material.
Measurements:
24 inches across chest
28 from top to bottom"
Vintage 50s Penney’s White Sweatshirt,$200.00,Measurements: 24 inches across chest (pit to pit) 26 inches in length (from top of collar to bottom of sweatshirt),https://www.dwcuratedvintage.com/shop/p/vintage-50s-penneys-white-sweatshirt,"Vintage 50s Penney’s White Sweatshirt in impeccable condition. Medium weight and shows minimum wear. Tag reads a size large.
Measurements:
24 inches across chest (pit to pit)
26 inches in length (from top of collar to bottom of sweatshirt)"
Late 60s Early 70s Levis Type 3 Jacket,$200.00,,https://www.dwcuratedvintage.com/shop/p/late-60s-early-70s-levis-type-3-jacket,This Levis denim jacket that is dated between the late 60s and early 70s has a beautiful medium wash. Tag on the jacket faintly says size 44. Made in USA.
Vintage Early 80s Sears Western Wear Shirt,$40.00,,https://www.dwcuratedvintage.com/shop/p/vintage-early-80s-sears-western-wear-shirt,Early 80s Sears Western Wear short sleeve shirt. In great condition and very minimum wear. Fits like a size large and made in the USA.
Vintage Thrashed 40s/50s Selvedge Denim Work Shirt,$120.00,Vintage work shirt from the 40s/50s in a gorgeous lightweight selvedge denim. Due to age it is fragile and faded but still wearable. Fits like an large. Measurements upon request.,https://www.dwcuratedvintage.com/shop/p/vintage-thrashed-40s50s-selvedge-denim-work-shirt,Vintage work shirt from the 40s/50s in a gorgeous lightweight selvedge denim. Due to age it is fragile and faded but still wearable. Fits like an large. Measurements upon request.
Thrashed 50s Blue Bell Work Shirt,$110.00,"Vintage thrashed 50s Blue Bell work shirt in a medium weight cotton twill. Amazing fade to it, and some well loved holes in the sleeves. Fits like a size large/ extra large. Measurements upon request.",https://www.dwcuratedvintage.com/shop/p/thrashed-50s-blue-bell-work-shirt,"Vintage thrashed 50s Blue Bell work shirt in a medium weight cotton twill. Amazing fade to it, and some well loved holes in the sleeves. Fits like a size large/ extra large. Measurements upon request."
Vintage Hawaiian Aloha Shirt,$35.00,,https://www.dwcuratedvintage.com/shop/p/vintage-hawaiian-aloha-shirt,"A vintage Hawaiian shirt in great condition. Simple, classic, and a summer essential. Size small and made in Hawaii."
Thrashed Early 90s Hanes Tee,$85.00,,https://www.dwcuratedvintage.com/shop/p/thrashed-early-90s-hanes-tee,"A well loved and worn thrashed t shirt from the early 90s. A true piece of art for the true vintage lover, battle scars and all. Size extra large and Made in USA."
Vintage 70s/80s Thrashed Blank Pocket Tee,$60.00,Vintage 70s/80s thrashed blank pocket tee for the true vintage lover. This buttery soft and thin thrashed tee shows that it was well loved throughout the years and is truly one of a kind. This natural distressing shows that it was earned throughout the years. Tag size reads extra large and made in USA. Measurements upon request.,https://www.dwcuratedvintage.com/shop/p/vintage-70s80s-thrashed-blank-pocket-tee,Vintage 70s/80s thrashed blank pocket tee for the true vintage lover. This buttery soft and thin thrashed tee shows that it was well loved throughout the years and is truly one of a kind. This natural distressing shows that it was earned throughout the years. Tag size reads extra large and made in USA. Measurements upon request.
Vintage 80s Bruce Hornsby T-Shirt,$100.00,,https://www.dwcuratedvintage.com/shop/p/vintage-80s-bruce-hornsby-t-shirt-1,Vintage 80s Bruce Hornsby & the Range T-Shirt with minimum wear but has a stain in the front. Printed on a Ched by Anvil blank. Size tag reads large and made in USA.
Vintage 50s Army Cloth Dickie's Pants,$100.00,"Vintage 50s Army Cloth Dickie's Pants, with some holes and wear throughout. In a well loved but incredible condition. Fits a size 34 waist, but measurements upon request.",https://www.dwcuratedvintage.com/shop/p/vintage-50s-army-cloth-dickies-pants,"Vintage 50s Army Cloth Dickie's Pants, with some holes and wear throughout. In a well loved but incredible condition. Fits a size 34 waist, but measurements upon request."
Vintage Early 90s Foo Fighters Alien T-Shirt Roswell Records,$200.00,,https://www.dwcuratedvintage.com/shop/p/vintage-early-90s-foo-fighters-alien-t-shirt-roswell-records,Vintage Early 90s Foo Fighters Alien T-Shirt Roswell Records with glow in the dark front graphic that has the early alien graphic. Also has a back graphic of Roswell Records. Single stitched and in incredible condition with a small pinhole and small bleach discoloration. Size extra large and made in USA.
Vintage Y2K Levi's Made in Mexico,$30.00,Vintage Y2K Levi's made in Mexico in relaxed straight leg cut. The tag reads 40 waist and 30 inseam.,https://www.dwcuratedvintage.com/shop/p/vintage-y2k-levis-made-in-mexico,Vintage Y2K Levi's made in Mexico in relaxed straight leg cut. The tag reads 40 waist and 30 inseam.
Vintage Japanese Noragi Jacket,$225.00,Vintage Japanese Noragi Jacket. Looks like it could be from the the 40s or 50s. In a stunning mid weight cotton with an incredible patina on the indigo. Has a nice discreet repair on sleeve. Pit to pit measurement is 25 inches and the length is 34.,https://www.dwcuratedvintage.com/shop/p/vintage-japanese-noragi-jacket,Vintage Japanese Noragi Jacket. Looks like it could be from the the 40s or 50s. In a stunning mid weight cotton with an incredible patina on the indigo. Has a nice discreet repair on sleeve. Pit to pit measurement is 25 inches and the length is 34.
Vintage Military Coveralls,$60.00,,https://www.dwcuratedvintage.com/shop/p/vintage-military-coveralls,Vintage Military coveralls. The tag shows that it is dated around the year 2000. In great condition. Sized a 46L.
Vintage Monterey Jazz Festival T shirt,$50.00,,https://www.dwcuratedvintage.com/shop/p/vintage-monterry-jazz-festival-t-shirt,"Vintage 80s Monterey Jazz Festival T shirt. Super soft and thin, and single stitched. Tagged as size extra large and made in USA."
Vintage Early 90s Motorhead T-Shirt,$375.00,,https://www.dwcuratedvintage.com/shop/p/pwfi2oychxxlwffk0ekicytwu3jf1w,Vintage Early 90s Motorhead T-shirt in great condition. Very light wear with just the single stitch coming undone from the bottom hem which is normal for a shirt of this age. Printed on an Anvil blank. Size XL and Made in USA.
Vintage Thrashed 50s Red Sweatshirt,$250.00,,https://www.dwcuratedvintage.com/shop/p/vintage-thrashed-50s-red-sweatshirt,"A rare piece, a beautifully thrashed and well loved 50s red sweatshirt. Fits a large to extra large which is rare for the time. Neckline has been cut off, and holes throughout. Has some minor in house repairs."
Vintage 50s Hanten Jacket,$100.00,Vintage 50s hanten jacket  in a gorgeous medium weight cotton with an indigo dye that’s in incredible condition. Fits a large/extra large. Please feel free to contact for exact measurements,https://www.dwcuratedvintage.com/shop/p/vintage-50s-hanten-jacket,Vintage 50s hanten jacket  in a gorgeous medium weight cotton with an indigo dye that’s in incredible condition. Fits a large/extra large. Please feel free to contact for exact measurements
Vintage Liquid Blue Led Zeppelin T-Shirt,$100.00,,https://www.dwcuratedvintage.com/shop/p/vintage-liquid-blue-led-zeppelin-t-shirt,Vintage 90s Liquid Blue Led Zeppelin T-Shirt. Has a couple pin holes but in overall great subtle fade. Single stitch so early to mid 90s. Label is faded but reads extra large and made in USA.
Vintage 1984 Los Angeles Olympics Trucker Hat,$40.00,,https://www.dwcuratedvintage.com/shop/p/vintage-1984-los-angeles-olympics-trucker-hat,Vintage 1984 Los Angeles Olympics Trucker Hat. In incredible condition and fits all sizes.
Vintage Foo Fighters ‘One by One’ Crew Tour T-Shirt,$120.00,,https://www.dwcuratedvintage.com/shop/p/v2ujip5gkyjqzsbw43xgy8iyzvbyqs,Vintage Foo Fighters ‘One by One’ Crew Tour T-Shirt. Had a great fade and minor wear. In a size XL.
Vintage Late 60s 70s Blank Tee,$60.00,,https://www.dwcuratedvintage.com/shop/p/vintage-late-60s-70s-blank-tee,Vintage Late 60s 70s Blank Tee that is well loved and worn. Nice grungy look with distressing and stains throughout. Perfect for wearing as is or layering. Size medium and made in USA.
Vintage Abstract Art T-Shirt,$30.00,Vintage abstract art t-shirt which appears to be from the early to mid 90s no size tags but appears to fit like a large. Measurements upon request.,https://www.dwcuratedvintage.com/shop/p/vintage-abstract-art-t-shirt,Vintage abstract art t-shirt which appears to be from the early to mid 90s no size tags but appears to fit like a large. Measurements upon request.
90s Klip Klop Chambray shirt,$30.00,,https://www.dwcuratedvintage.com/shop/p/90s-klip-klop-chambray-shirt,"This lightweight chambray shirt in a naval style is a great addition for this summer. In a size large and made in the USA, it is in incredible condition with very little to no wear."
Vintage 1940s Anthony’s Buckhide Overalls,$250.00,Vintage 1940s Anthony’s Buckhide Overalls in a hickory stripe. In great condition with all original hardware. Fits like a size 38-40 but measurements upon request. Has some repairs done in house on the knees and near the upper leg.,https://www.dwcuratedvintage.com/shop/p/vintage-1940s-anthonys-buckhide-overalls,Vintage 1940s Anthony’s Buckhide Overalls in a hickory stripe. In great condition with all original hardware. Fits like a size 38-40 but measurements upon request. Has some repairs done in house on the knees and near the upper leg.
Vintage 80s Aerobics Bear T-Shirt,$30.00,,https://www.dwcuratedvintage.com/shop/p/vintage-80s-aerobics-bear-t-shirt,Vintage 80s Aerobics Bear T-Shirt with production flaw on back of sleeve (pictured). This is a size extra large and made in the USA.
Vintage Led Zeppelin 1995 'No Quarter' World Tour T-Shirt,$250.00,Vintage Led Zeppelin 1995 'No Quarter' World Tour T-Shirt that is well loved and has an amazing patina and some distressing to it. Fits like a size large to extra large. Measurements upon request.,https://www.dwcuratedvintage.com/shop/p/vintage-led-zeppelin-1995-no-quarter-world-tour-t-shirt,Vintage Led Zeppelin 1995 'No Quarter' World Tour T-Shirt that is well loved and has an amazing patina and some distressing to it. Fits like a size large to extra large. Measurements upon request.
Vintage Early 90s USC Trojans T - Shirt,$50.00,,https://www.dwcuratedvintage.com/shop/p/vintage-early-90s-usc-trojans-t-shirt,"Vintage USC Trojans t shirt from early 90s. In incredible condition, but has light stain on the bottom of the shirt. Single stitched, and made in USA, tagged as size large."
The Strokes 2006 Tour T-Shirt,$120.00,"Vintage The Strokes t shirt from their 2006 North American Tour. Size large but fits very slim like a medium. In great condition, measurements upon request.",https://www.dwcuratedvintage.com/shop/p/the-strokes-2006-tour-t-shirt,"Vintage The Strokes t shirt from their 2006 North American Tour. Size large but fits very slim like a medium. In great condition, measurements upon request."
50s Japanese Hanten Work Jacket,$300.00,"Beautifully worn and faded hanten jacket in a medium weight cotton from the 50s/60s. The indigo has a very nice fade. Fits like a large, measurements upon request.",https://www.dwcuratedvintage.com/shop/p/50s-japanese-hanten-work-jacket,"Beautifully worn and faded hanten jacket in a medium weight cotton from the 50s/60s. The indigo has a very nice fade. Fits like a large, measurements upon request."
Vintage Black Sabbath 1999 Reunion Tour T-Shirt,$120.00,,https://www.dwcuratedvintage.com/shop/p/vintage-black-sabbath-1999-reunion-tour-t-shirt,Vintage Black Sabbath from their 1999 reunion tour. In great condition with very little wear. Size large.
Vintage 1940s Hanes T-Shirt,$120.00,,https://www.dwcuratedvintage.com/shop/p/vintage-1940s-hanes-t-shirt,Vintage 1940s Hanes T-Shirt ‘fully combed’. Very lightweight and has some holes from wear.
Vintage 1999 Black Sabbath Reunion Tour T-Shirt,$180.00,,https://www.dwcuratedvintage.com/shop/p/vintage-1999-black-sabbath-reunion-tour-t-shirt,"Perfectly thrashed and well loved Black Sabbath 1999 reunion tour t shirt. Has several holes on the body, and wear around collar with the perfect fade."
Vintage 80s Coveralls,$60.00,,https://www.dwcuratedvintage.com/shop/p/vintage-80s-coveralls,Vintage 80s coveralls in impeccable condition. Has company and name patches. Seems to be a polyester blend. Size 44 and made in USA.
70s Kingdom of Saudi Arabia T-shirt,$40.00,,https://www.dwcuratedvintage.com/shop/p/70s-kingdom-of-saudi-arabia-t-shirt,"70s Kingdom of Saudi Arabia T shirt. In incredible condition and has little to no wear. 50/50 cotton polyester blend. Size large(fits more like a medium), and made in USA."
50s Big Buck Work Shirt,$80.00,,https://www.dwcuratedvintage.com/shop/p/50s-big-buck-work-shirt,"Well worn and well loved Big Buck work shirt. Appears to be from the 50s. Has holes from wear and some missing buttons with a beautiful patina. Great lightweight sanforized cotton. Fits like a medium/large, and made in the USA."
70s Jockey T Shirt Blank,$80.00,,https://www.dwcuratedvintage.com/shop/p/70s-jockey-t-shirt-blank,"Well loved and lightly thrashed Jockey white t shirt from the 70s. Single stitched, and has holes from wear. Lightweight and very soft."
Vintage Valparaiso T-Shirt,$12.00,,https://www.dwcuratedvintage.com/shop/p/vintage-valparaiso-t-shirt,An early 90s Valparaiso Softball T-shirt. Cotton and rayon blend. Size 2xl and Made in USA.
50s Vintage Harrington Jacket,$120.00,"Vintage well-loved and thrashed Harrington jacket from the 50s. Has a numerous amount of holes, some age spots and patina. One of the cuffs is coming unstitched. For the true vintage lover. Size 42 chest and made in the USA. More photos and measurements upon request.",https://www.dwcuratedvintage.com/shop/p/50s-vintage-harrington-jacket,"Vintage well-loved and thrashed Harrington jacket from the 50s. Has a numerous amount of holes, some age spots and patina. One of the cuffs is coming unstitched. For the true vintage lover. Size 42 chest and made in the USA. More photos and measurements upon request."
Vintage Vietnam Era Military Shirt,$45.00,,https://www.dwcuratedvintage.com/shop/p/vintage-vietnam-era-military-shirt,Vintage Vietnam Era military shirt with patches. On the collar it is stamped size 14 1/2. In amazing condition.
Vintage Iraqi War Ripstop Military pants,$40.00,"Dated in 2001, vintage military trousers. Size medium and a long pant length as stated on the label.",https://www.dwcuratedvintage.com/shop/p/vintage-iraqi-war-military-pants,"Dated in 2001, vintage military trousers. Size medium and a long pant length as stated on the label."
Vintage 50s Military Dress Jacket,$80.00,,https://www.dwcuratedvintage.com/shop/p/vintage-50s-military-dress-jacket,"Vintage 50s military jacket dated 1956. Made in a medium weight wool, it is in pristine condition. Size 38R."
Vintage 80s UCLA T-Shirt,$70.00,,https://www.dwcuratedvintage.com/shop/p/vintage-80s-ucla-t-shirt,"Vintage 80s/early 90s single stitch UCLA T-Shirt. Has part of the sleeve unraveled, other than that in great condition. Size large and made in USA."
Vintage 90s Pt. Pleasant Beach T-Shirt,$20.00,,https://www.dwcuratedvintage.com/shop/p/vintage-90s-pt-pleasant-beach-t-shirt,Vintage 90s Pt. Pleasant beach single stitch t shirt. Size large and made in USA.
70s Military Jacket,$60.00,70s Vietnam era military jacket. A beautiful lightweight tropical wool blend. Lining has holes and the jacket is a size 34R. Measurements upon request.,https://www.dwcuratedvintage.com/shop/p/70s-military-jacket,70s Vietnam era military jacket. A beautiful lightweight tropical wool blend. Lining has holes and the jacket is a size 34R. Measurements upon request.
Early 90s Single Stitch Gap Pocket Tee,$35.00,,https://www.dwcuratedvintage.com/shop/p/early-90s-single-stitch-gap-pocket-tee,Vintage Early 90s Gap single stitch pocket tee. Size large and made in USA.
Early 70s Wrangler Jeans,$60.00,,https://www.dwcuratedvintage.com/shop/p/early-70s-wrangler-jeans,"Vintage early 70s Wrangler jeans in a nice medium wash. There is a repair on the back of the jeans, and the side seam looks as though it has been slightly tapered to fit boots. Size 42X32 and made in USA"
Vintage Dr. Martens Brogues,$180.00,,https://www.dwcuratedvintage.com/shop/p/vintage-dr-martens-brogues,Vintage Made in England Dr. Martens brogues. Size 10 UK.
70s Hawaii T-Shirt,$60.00,,https://www.dwcuratedvintage.com/shop/p/70s-hawaii-t-shirt,Vintage 70s Hawaii football t shirt. In great condition aside from one small hole in armpit. Fits like small/medium.
Vintage 80s/90s DeLong Varsity Jacket,$60.00,"Beautiful vintage DeLong Varsity Jacket, that looks like it could be from late 80s or 90s (due to size tag). Size large and made in USA. Measurements upon request.",https://www.dwcuratedvintage.com/shop/p/vintage-80s90s-delong-varsity-jacket,"Beautiful vintage DeLong Varsity Jacket, that looks like it could be from late 80s or 90s (due to size tag). Size large and made in USA. Measurements upon request."
Vintage Russell Athletics Sweatpants,$35.00,,https://www.dwcuratedvintage.com/shop/p/vintage-russell-athletics-sweatpants,Vintage Russell Athletics sweatpants. Looks to be from the late 80s early 90s. Size Large and made in USA.
50s Running Shorts,$120.00,Vintage 50s running shorts in pristine condition. Both lining and outer of shorts have no visible flaws. Size is extra large and made in USA. Measurements upon request.,https://www.dwcuratedvintage.com/shop/p/50s-running-shorts,Vintage 50s running shorts in pristine condition. Both lining and outer of shorts have no visible flaws. Size is extra large and made in USA. Measurements upon request.
Vintage 60s Selvedge Denim Jacket,$50.00,,https://www.dwcuratedvintage.com/shop/p/vintage-60s-selvedge-denim-jacket,Vintage 60s selvedge denim jacket with snap buttons from Sears Roebucks. In impeccable condition with a dark wash. Fits a 44 inch chest. Made in USA.
Vintage US Navy Trousers,$35.00,,https://www.dwcuratedvintage.com/shop/p/vintage-us-navy-trousers,Vintage US Navy Pants in a size 34 Regular. Y2K era trousers.
Vintage DeLong Hooded Letterman Jacket,$100.00,,https://www.dwcuratedvintage.com/shop/p/vintage-delong-hooded-letterman-jacket,Vintage 70s hooded letterman jacket in a size 40. In great condition with normal signs of wear. Looks to be a woman’s jacket but could definitely fit a man.
Vintage Vietnam Era US Navy N4 Deck Jacket,$250.00,,https://www.dwcuratedvintage.com/shop/p/vintage-vietnam-era-us-navy-n4-deck-jacket,"Vintage Vietnam era US Navy N4 deck jacket. Because of the DSA number, this jacket is dated around 1966. This jacket is in impeccable condition with just a couple holes and faded areas. The lining is practically unworn, and the jacket has a lot of life left in it. Listed as size 38R but could fit a 36-38 inch chest."
Vintage 70s H Bar C Western Shirt,$100.00,,https://www.dwcuratedvintage.com/shop/p/vintage-70s-h-bar-c-western-shirt,"Stunning vintage H Bar C Western shirt. Fits like a medium to large. Size label and care label worn away, but feels like a polyester blend."
Vintage Vietnam Era OG-107 Trousers,$100.00,Vintage Vietnam-era OG-107 trousers. In immaculate condition and very lightweight. Fits a size 36-38 waist. Measurements upon request.,https://www.dwcuratedvintage.com/shop/p/vintage-vietnam-era-og-107-trousers,Vintage Vietnam-era OG-107 trousers. In immaculate condition and very lightweight. Fits a size 36-38 waist. Measurements upon request.
Vintage Harley Davidson T-Shirt,$40.00,,https://www.dwcuratedvintage.com/shop/p/vintage-harley-davidson-t-shirt,Vintage Harley Davidson T-Shirt that has a very nice fade. Size label is completely washed out but fits like a medium to large.
Vintage Early 90s Vans Authentic Shoes,$220.00,,https://www.dwcuratedvintage.com/shop/p/vintage-early-90s-vans-authentic-shoes,Early 90s Vans Authentic. No size label but fits like a size 9.5 US. In a well-worn and well-loved distressed condition. Made in USA.
Vintage 60s Schott Perfecto,"$1,000.00",,https://www.dwcuratedvintage.com/shop/p/vintage-60s-schott-perfecto,Vintage 60s Schott Perfecto. In amazing condition with the perfect amount of wear. Size 44 and made in USA
50s Australian Military Pants,$150.00,"Vintage 50s Australian military trousers. In a medium to heavyweight wool, and high waisted with beautiful side adjusters, and details. Made in Australia.",https://www.dwcuratedvintage.com/shop/p/50s-australian-military-pants,"Vintage 50s Australian military trousers. In a medium to heavyweight wool, and high waisted with beautiful side adjusters, and details. Made in Australia."
Vintage 50s Baseball Jersey,$160.00,,https://www.dwcuratedvintage.com/shop/p/vintage-50s-baseball-jersey,Vintage baseball jersey from what looks like the 50s. Beautiful lightweight hopsack wool in impeccable condition. Size 40 and made in USA.
Vintage 70s/80s Horseless Carriage of America Jacket,$40.00,,https://www.dwcuratedvintage.com/shop/p/vintage-70s80s-horseless-carriage-of-america-jacket,Nylon coach jacket style from the 70s/80s. Has large ‘Horseless Carriage of America’ logo on back. Size XL and made in USA.
Vintage Washington Senators Fitted Baseball Cap,$30.00,,https://www.dwcuratedvintage.com/shop/p/vintage-washington-senators-fitted-baseball-cap,Vintage Washington Senators Baseball cap. The cap appears to be unworn with no signs of wear. It is a size 7 and made in the USA.
50s Korean War Era HBT Army Jacket,$250.00,,https://www.dwcuratedvintage.com/shop/p/50s-korean-war-era-hbt-army-jacket,"Vintage Korean War Era HBT (herringbone twill) jacket. Fits like a L/XL. Repair on back of collar, which is pictured but in great condition overall."
Vintage Levi's Bootcut Denim,$40.00,,https://www.dwcuratedvintage.com/shop/p/vintage-levis-bootcut-denim,"Vintage Levi’s denim that has more of a western style and bootcut. Dated probably between the 80s and 90s, has no labels or markings to denote. Since no sizing tab, but measures to a 42 X 24 (looks like they have been hemmed)."
Vintage 70s Rugby Shirt,$60.00,,https://www.dwcuratedvintage.com/shop/p/vintage-70s-rugby-shirt,Vintage 70s Rugby Shirt. Size 44 Chest and made in England.
Y2K NYPD T- Shirt,$15.00,,https://www.dwcuratedvintage.com/shop/p/y2k-nypd-t-shirt,Y2K New York Police Department T-Shirt. Label Marked as XL.
Y2K Metallica Tee,$50.00,,https://www.dwcuratedvintage.com/shop/p/y2k-metallica-tee,A Simple Y2K Metallica Band Tee. Size tag washed out but fits like a Large.
Vintage 80s Bruce Hornsby T-Shirt,$200.00,,https://www.dwcuratedvintage.com/shop/p/vintage-80s-bruce-hornsby-t-shirt,Well-loved Bruce Hornsby and the Range T-Shirt. Size marked a large but fits like a medium. Single stitch and made in the USA.
Vintage Single Stitch Roadsaw Tee,$20.00,,https://www.dwcuratedvintage.com/shop/p/vintage-single-stitch-roadsaw-tee,Vintage Single Stitch Roadsaw T-Shirt. Fits like a medium. Has a very nice raw cut neckline.
Vintage Foo Fighters 'The Colour and the Shape' '97 Tour T-Shirt,$200.00,,https://www.dwcuratedvintage.com/shop/p/vintage-foo-fighters-the-colour-and-the-shape-97-tour-t-shirt,Vintage Foo Fighters ‘The Colour and the Shape’ T-Shirt. Double sided graphic. Size Large.
Vintage Dale Jr. T- Shirt,$20.00,,https://www.dwcuratedvintage.com/shop/p/vintage-dale-jr-t-shirt,Vintage Dale Jr. T-Shirt ‘Continue the Legend’. Size 2xl.
Vintage Misfits 'Crimson Ghost' T-Shirt,$50.00,,https://www.dwcuratedvintage.com/shop/p/vintage-misfits-crimson-ghost-t-shirt,Y2K Misfits ‘Crimson Ghost’ T-Shirt. Has front and back graphic.
Vintage 1984 Bruce Springsteen T-Shirt 'Born in the USA',$100.00,,https://www.dwcuratedvintage.com/shop/p/vintage-1984-bruce-springsteen-t-shirt-born-in-the-usa,"Vintage Bruce Springsteen T-Shirt from the 1984-1985 ‘Born in the USA’ Tour. Labeled as size XL but fits as a small, (chest measures across 18 inches)."
70s Ringer Tee,$40.00,,https://www.dwcuratedvintage.com/shop/p/70s-ringer-tee,"Classic 70s Ringer Tee, size Large (42-44). Fits like a medium and in impeccable condition."
Vintage French Chore Jacket 60s,$60.00,,https://www.dwcuratedvintage.com/shop/p/vintage-french-chore-jacket-60s,Close to new French Chore Jacket from the 60s. Still has vibrant indigo color and barely worn.
Vintage WW2 US Navy Deck Jacket,$400.00,,https://www.dwcuratedvintage.com/shop/p/vintage-ww2-us-navy-deck-jacket,"Stunning vintage WW2 US Navy Deck Jacket. Virtually flawless condition, just slight fading where patches were. Fits a medium to large (38 to 40 inch chest)."
50s Keds Basketball Shoes,$300.00,,https://www.dwcuratedvintage.com/shop/p/product-1-tkwz2,Keds Basketball shoes from between the 50s-60s. Sized 10.5 US. Very good condition.
50s Letterman Jacket,$200.00,,https://www.dwcuratedvintage.com/shop/p/product-2-9sgd7,"50s letterman jacket in size 46 chest. Minor wear and tear, and small hole in lining near collar and in right pocket."
Vintage Menace Skate T- Shirt,$400.00,,https://www.dwcuratedvintage.com/shop/p/product-3-lnlxs,Vintage Menace Skateboard T shirt. Some holes in the shirt and label. Size XL and Made in USA. Open to offers via email.
Vintage Trucker Hat,$25.00,,https://www.dwcuratedvintage.com/shop/p/product-4-p9g93,Vintage Haskins Steel Trucker Hat. Foam is very flimsy due to age but in overall great condition. Dated as 80s.
Vintage Early 70s Levis 517,$50.00,Vintage Levis dated between late 60s and early 70s. Beautiful medium wash. Waist 38 inches and Length 30 inches. If more pictures are needed please contact.,https://www.dwcuratedvintage.com/shop/p/product-5-x8get,Vintage Levis dated between late 60s and early 70s. Beautiful medium wash. Waist 38 inches and Length 30 inches. If more pictures are needed please contact.
Vintage Early 90s Vans Authentic,$150.00,,https://www.dwcuratedvintage.com/shop/p/product-6-tphxe,Vintage Vans Authentic from early 90s. Well loved and has minor wear a tear. Size 10 US and Made in USA.
